{
  "correlations": {
    "claude": 0.6123724356957945,
    "gemini": 0.2721655269759087,
    "deepseek": -0.5345224838248488,
    "consensus": 0.3227486121839514
  },
  "claude": {
    "mae": 1.6,
    "rmse": 1.7511900715418265,
    "t_stat": -6.7434178433881975,
    "t_p": 8.427518409605717e-05,
    "wilcoxon_stat": 0.0,
    "wilcoxon_p": 0.001953125,
    "kappa": 0.0,
    "bland_altman_mean_diff": 1.6,
    "bland_altman_std_diff": 0.7118052168020874,
    "confusion_matrix": [
      [
        0,
        0,
        0,
        0
      ],
      [
        0,
        2,
        2,
        6
      ],
      [
        0,
        0,
        0,
        0
      ],
      [
        0,
        0,
        0,
        0
      ]
    ]
  },
  "gemini": {
    "mae": 0.2333333333333334,
    "rmse": 0.31622776601683794,
    "t_stat": -1.0000000000000002,
    "t_p": 0.34343639613791355,
    "wilcoxon_stat": 6.0,
    "wilcoxon_p": 0.53125,
    "kappa": 0.0,
    "bland_altman_mean_diff": 0.10000000000000002,
    "bland_altman_std_diff": 0.3,
    "confusion_matrix": [
      [
        0,
        0,
        0,
        0
      ],
      [
        1,
        9,
        0,
        0
      ],
      [
        0,
        0,
        0,
        0
      ],
      [
        0,
        0,
        0,
        0
      ]
    ]
  },
  "deepseek": {
    "mae": 0.5,
    "rmse": 0.7527726527090811,
    "t_stat": -2.6655699499159153,
    "t_p": 0.025809133647782423,
    "wilcoxon_stat": 0.0,
    "wilcoxon_p": 0.03125,
    "kappa": 0.0,
    "bland_altman_mean_diff": 0.5,
    "bland_altman_std_diff": 0.5627314338711378,
    "confusion_matrix": [
      [
        0,
        0,
        0,
        0
      ],
      [
        0,
        7,
        3,
        0
      ],
      [
        0,
        0,
        0,
        0
      ],
      [
        0,
        0,
        0,
        0
      ]
    ]
  },
  "consensus": {
    "mae": 0.4666666666666667,
    "rmse": 0.6324555320336759,
    "t_stat": -1.0000000000000004,
    "t_p": 0.3434363961379134,
    "wilcoxon_stat": 9.0,
    "wilcoxon_p": 0.484375,
    "kappa": 0.0,
    "bland_altman_mean_diff": 0.2000000000000001,
    "bland_altman_std_diff": 0.6,
    "confusion_matrix": [
      [
        0,
        0,
        0,
        0
      ],
      [
        2,
        6,
        2,
        0
      ],
      [
        0,
        0,
        0,
        0
      ],
      [
        0,
        0,
        0,
        0
      ]
    ]
  }
}