{
  "correlations": {
    "claude": 0.6123724356957945,
    "gemini": 0.2721655269759087,
    "deepseek": 0.49236596391733095,
    "consensus": 0.1336306209562122
  },
  "claude": {
    "mae": 1.6,
    "rmse": 1.7511900715418265,
    "t_stat": -6.7434178433881975,
    "t_p": 8.427518409605717e-05,
    "wilcoxon_stat": 0.0,
    "wilcoxon_p": 0.001953125,
    "kappa": 0.0,
    "bland_altman_mean_diff": 1.6,
    "bland_altman_std_diff": 0.7118052168020874,
    "confusion_matrix": [
      [
        0,
        0,
        0,
        0
      ],
      [
        0,
        2,
        2,
        6
      ],
      [
        0,
        0,
        0,
        0
      ],
      [
        0,
        0,
        0,
        0
      ]
    ]
  },
  "gemini": {
    "mae": 0.2333333333333334,
    "rmse": 0.31622776601683794,
    "t_stat": -1.0000000000000002,
    "t_p": 0.34343639613791355,
    "wilcoxon_stat": 6.0,
    "wilcoxon_p": 0.53125,
    "kappa": 0.0,
    "bland_altman_mean_diff": 0.10000000000000002,
    "bland_altman_std_diff": 0.3,
    "confusion_matrix": [
      [
        0,
        0,
        0,
        0
      ],
      [
        1,
        9,
        0,
        0
      ],
      [
        0,
        0,
        0,
        0
      ],
      [
        0,
        0,
        0,
        0
      ]
    ]
  },
  "deepseek": {
    "mae": 1.8,
    "rmse": 1.8973665961010278,
    "t_stat": -9.0,
    "t_p": 8.538051223166285e-06,
    "wilcoxon_stat": 0.0,
    "wilcoxon_p": 0.001953125,
    "kappa": 0.0,
    "bland_altman_mean_diff": 1.8,
    "bland_altman_std_diff": 0.6000000000000001,
    "confusion_matrix": [
      [
        0,
        0,
        0,
        0
      ],
      [
        0,
        1,
        2,
        7
      ],
      [
        0,
        0,
        0,
        0
      ],
      [
        0,
        0,
        0,
        0
      ]
    ]
  },
  "consensus": {
    "mae": 1.2666666666666668,
    "rmse": 1.4681810363696828,
    "t_stat": -3.4125007385087236,
    "t_p": 0.026965319737053076,
    "wilcoxon_stat": 0.0,
    "wilcoxon_p": 0.125,
    "kappa": 0.0,
    "bland_altman_mean_diff": 1.2666666666666668,
    "bland_altman_std_diff": 0.7423685817106696,
    "confusion_matrix": [
      [
        0,
        0,
        0,
        0
      ],
      [
        0,
        1,
        2,
        2
      ],
      [
        0,
        0,
        0,
        0
      ],
      [
        0,
        0,
        0,
        0
      ]
    ]
  }
}