{
  "correlations": {
    "claude": 0.6123724356957945,
    "gemini": 0.2721655269759087,
    "deepseek": 0.49236596391733095,
    "consensus": 0.1336306209562122
  },
  "output_file": "examples/2021GSR.....9....1J/outputs/2021GSR.....9....1J_similar_judgements_llm_scored_results_llm_scored_results.json"
}