{
  "correlations": {
    "claude": 0.6551724137931034,
    "gemini": 0.7293968086257971,
    "deepseek": 0.4988891723439262,
    "consensus": 0.5306686305052326
  },
  "claude": {
    "mae": 1.2666666666666668,
    "rmse": 1.3416407864998738,
    "t_stat": -8.593073320466264,
    "t_p": 1.2446162129534045e-05,
    "wilcoxon_stat": 0.0,
    "wilcoxon_p": 0.001953125,
    "kappa": 0.09638554216867479,
    "bland_altman_mean_diff": 1.2666666666666668,
    "bland_altman_std_diff": 0.4422166387140533,
    "confusion_matrix": [
      [
        0,
        1,
        1,
        0
      ],
      [
        0,
        1,
        6,
        1
      ],
      [
        0,
        0,
        0,
        0
      ],
      [
        0,
        0,
        0,
        0
      ]
    ]
  },
  "gemini": {
    "mae": 1.0333333333333334,
    "rmse": 1.2516655570345725,
    "t_stat": -3.6472297309077715,
    "t_p": 0.005340484012059703,
    "wilcoxon_stat": 1.0,
    "wilcoxon_p": 0.00390625,
    "kappa": 0.2682926829268292,
    "bland_altman_mean_diff": 0.9666666666666668,
    "bland_altman_std_diff": 0.7951240294584375,
    "confusion_matrix": [
      [
        1,
        1,
        0,
        0
      ],
      [
        0,
        3,
        3,
        2
      ],
      [
        0,
        0,
        0,
        0
      ],
      [
        0,
        0,
        0,
        0
      ]
    ]
  },
  "deepseek": {
    "mae": 1.1333333333333335,
    "rmse": 1.4142135623730951,
    "t_stat": -3.4461991613651435,
    "t_p": 0.007318502104356816,
    "wilcoxon_stat": 1.0,
    "wilcoxon_p": 0.00390625,
    "kappa": 0.14141414141414133,
    "bland_altman_mean_diff": 1.0666666666666669,
    "bland_altman_std_diff": 0.9285592184789413,
    "confusion_matrix": [
      [
        1,
        0,
        1,
        0
      ],
      [
        0,
        4,
        1,
        3
      ],
      [
        0,
        0,
        0,
        0
      ],
      [
        0,
        0,
        0,
        0
      ]
    ]
  },
  "consensus": {
    "mae": 1.2333333333333334,
    "rmse": 1.4719601443879746,
    "t_stat": -3.899602101718089,
    "t_p": 0.0036216043247734252,
    "wilcoxon_stat": 1.0,
    "wilcoxon_p": 0.00390625,
    "kappa": 0.15094339622641495,
    "bland_altman_mean_diff": 1.1666666666666667,
    "bland_altman_std_diff": 0.8975274678557508,
    "confusion_matrix": [
      [
        1,
        0,
        1,
        0
      ],
      [
        0,
        3,
        2,
        3
      ],
      [
        0,
        0,
        0,
        0
      ],
      [
        0,
        0,
        0,
        0
      ]
    ]
  }
}