{
  "correlations": {
    "claude": 0.36585848168984336,
    "gemini": 0.7624744003120867,
    "deepseek": 0.9320070332440737,
    "consensus": 0.9449111825230683
  },
  "claude": {
    "mae": 2.0833333333333335,
    "rmse": 2.1858128414340006,
    "t_stat": -8.333333333333336,
    "t_p": 7.017094473251179e-05,
    "wilcoxon_stat": 0.0,
    "wilcoxon_p": 0.0078125,
    "kappa": 0.04635761589403975,
    "bland_altman_mean_diff": 2.0833333333333335,
    "bland_altman_std_diff": 0.6614378277661476,
    "confusion_matrix": [
      [
        0,
        1,
        2,
        2
      ],
      [
        0,
        0,
        1,
        2
      ],
      [
        0,
        0,
        0,
        0
      ],
      [
        0,
        0,
        0,
        0
      ]
    ]
  },
  "gemini": {
    "mae": 0.6250000000000001,
    "rmse": 0.950146187582615,
    "t_stat": -1.4569855927715485,
    "t_p": 0.1884679632751793,
    "wilcoxon_stat": 1.0,
    "wilcoxon_p": 0.25,
    "kappa": 0.43999999999999995,
    "bland_altman_mean_diff": 0.4583333333333334,
    "bland_altman_std_diff": 0.8322910148099242,
    "confusion_matrix": [
      [
        4,
        1,
        0,
        0
      ],
      [
        1,
        0,
        1,
        1
      ],
      [
        0,
        0,
        0,
        0
      ],
      [
        0,
        0,
        0,
        0
      ]
    ]
  },
  "deepseek": {
    "mae": 0.33333333333333337,
    "rmse": 0.7264831572567788,
    "t_stat": -1.3662601021279468,
    "t_p": 0.21412504160971288,
    "wilcoxon_stat": 0.0,
    "wilcoxon_p": 0.25,
    "kappa": 0.8333333333333334,
    "bland_altman_mean_diff": 0.33333333333333337,
    "bland_altman_std_diff": 0.6454972243679028,
    "confusion_matrix": [
      [
        5,
        0,
        0,
        0
      ],
      [
        0,
        2,
        0,
        1
      ],
      [
        0,
        0,
        0,
        0
      ],
      [
        0,
        0,
        0,
        0
      ]
    ]
  },
  "consensus": {
    "mae": 1.0,
    "rmse": 1.2909944487358056,
    "t_stat": -1.7320508075688774,
    "t_p": 0.22540333075851657,
    "wilcoxon_stat": 0.0,
    "wilcoxon_p": 0.5,
    "kappa": 0.5,
    "bland_altman_mean_diff": 1.0,
    "bland_altman_std_diff": 0.816496580927726,
    "confusion_matrix": [
      [
        1,
        1,
        0,
        0
      ],
      [
        0,
        0,
        0,
        1
      ],
      [
        0,
        0,
        0,
        0
      ],
      [
        0,
        0,
        0,
        0
      ]
    ]
  }
}