{
  "correlations": {
    "claude": 0.14907119849998596,
    "gemini": 0.48795003647426655,
    "deepseek": 0.33333333333333326,
    "consensus": 0.349215147884789
  },
  "claude": {
    "mae": 1.0,
    "rmse": 1.2649110640673518,
    "t_stat": -3.8729833462074175,
    "t_p": 0.003771557558705979,
    "wilcoxon_stat": 0.0,
    "wilcoxon_p": 0.015625,
    "kappa": 0.05882352941176472,
    "bland_altman_mean_diff": 1.0,
    "bland_altman_std_diff": 0.7745966692414834,
    "confusion_matrix": [
      [
        0,
        3,
        3,
        0
      ],
      [
        0,
        2,
        1,
        0
      ],
      [
        0,
        0,
        1,
        0
      ],
      [
        0,
        0,
        0,
        0
      ]
    ]
  },
  "gemini": {
    "mae": 0.4,
    "rmse": 0.6324555320336759,
    "t_stat": 1.0,
    "t_p": 0.34343639613791355,
    "wilcoxon_stat": 2.5,
    "wilcoxon_p": 0.625,
    "kappa": 0.4285714285714285,
    "bland_altman_mean_diff": -0.2,
    "bland_altman_std_diff": 0.6000000000000001,
    "confusion_matrix": [
      [
        5,
        1,
        0,
        0
      ],
      [
        2,
        1,
        0,
        0
      ],
      [
        0,
        1,
        0,
        0
      ],
      [
        0,
        0,
        0,
        0
      ]
    ]
  },
  "deepseek": {
    "mae": 0.7,
    "rmse": 0.8366600265340756,
    "t_stat": -2.23606797749979,
    "t_p": 0.052177242798819065,
    "wilcoxon_stat": 4.0,
    "wilcoxon_p": 0.125,
    "kappa": 0.2222222222222222,
    "bland_altman_mean_diff": 0.5,
    "bland_altman_std_diff": 0.6708203932499369,
    "confusion_matrix": [
      [
        1,
        5,
        0,
        0
      ],
      [
        0,
        2,
        1,
        0
      ],
      [
        0,
        1,
        0,
        0
      ],
      [
        0,
        0,
        0,
        0
      ]
    ]
  },
  "consensus": {
    "mae": 0.4,
    "rmse": 0.7745966692414834,
    "t_stat": -0.8017837257372731,
    "t_p": 0.44333185016966015,
    "wilcoxon_stat": 1.5,
    "wilcoxon_p": 0.75,
    "kappa": 0.33333333333333337,
    "bland_altman_mean_diff": 0.2,
    "bland_altman_std_diff": 0.7483314773547883,
    "confusion_matrix": [
      [
        4,
        1,
        1,
        0
      ],
      [
        0,
        3,
        0,
        0
      ],
      [
        0,
        1,
        0,
        0
      ],
      [
        0,
        0,
        0,
        0
      ]
    ]
  }
}