{
  "correlations": {
    "claude": 0.6614378277661475,
    "gemini": NaN,
    "deepseek": 0.24999999999999994,
    "consensus": 0.31622776601683783
  },
  "claude": {
    "mae": 1.1481481481481481,
    "rmse": 1.2018504251546633,
    "t_stat": -9.14140128160362,
    "t_p": 1.6522199582883862e-05,
    "wilcoxon_stat": 0.0,
    "wilcoxon_p": 0.00390625,
    "kappa": 0.16279069767441856,
    "bland_altman_mean_diff": 1.1481481481481481,
    "bland_altman_std_diff": 0.3552467795046459,
    "confusion_matrix": [
      [
        0,
        1,
        0,
        0
      ],
      [
        0,
        1,
        7,
        0
      ],
      [
        0,
        0,
        0,
        0
      ],
      [
        0,
        0,
        0,
        0
      ]
    ]
  },
  "gemini": {
    "mae": 1.3703703703703705,
    "rmse": 1.3743685418725538,
    "t_stat": -37.000000000000014,
    "t_p": 3.122439381909231e-10,
    "wilcoxon_stat": 0.0,
    "wilcoxon_p": 0.00390625,
    "kappa": 0.0,
    "bland_altman_mean_diff": 1.3703703703703705,
    "bland_altman_std_diff": 0.1047565601757848,
    "confusion_matrix": [
      [
        0,
        0,
        1,
        0
      ],
      [
        0,
        0,
        8,
        0
      ],
      [
        0,
        0,
        0,
        0
      ],
      [
        0,
        0,
        0,
        0
      ]
    ]
  },
  "deepseek": {
    "mae": 1.7037037037037037,
    "rmse": 1.763834207376394,
    "t_stat": -10.553123758045842,
    "t_p": 5.670847746151659e-06,
    "wilcoxon_stat": 0.0,
    "wilcoxon_p": 0.00390625,
    "kappa": 0.03076923076923066,
    "bland_altman_mean_diff": 1.7037037037037037,
    "bland_altman_std_diff": 0.4566232594791834,
    "confusion_matrix": [
      [
        0,
        0,
        1,
        0
      ],
      [
        0,
        0,
        5,
        3
      ],
      [
        0,
        0,
        0,
        0
      ],
      [
        0,
        0,
        0,
        0
      ]
    ]
  },
  "consensus": {
    "mae": 1.7222222222222223,
    "rmse": 1.7795130420052188,
    "t_stat": -8.597853041491053,
    "t_p": 0.0003510602989998031,
    "wilcoxon_stat": 0.0,
    "wilcoxon_p": 0.03125,
    "kappa": 0.042553191489361764,
    "bland_altman_mean_diff": 1.7222222222222223,
    "bland_altman_std_diff": 0.4479032082388083,
    "confusion_matrix": [
      [
        0,
        0,
        1,
        0
      ],
      [
        0,
        0,
        3,
        2
      ],
      [
        0,
        0,
        0,
        0
      ],
      [
        0,
        0,
        0,
        0
      ]
    ]
  }
}