{
  "correlations": {
    "claude": 0.7013343843696721,
    "gemini": 0.5008703226778093,
    "deepseek": 0.06375767130633384,
    "consensus": 0.6109598099719177
  },
  "claude": {
    "mae": 0.3,
    "rmse": 0.5477225575051661,
    "t_stat": -1.9639610121239315,
    "t_p": 0.08112618884584051,
    "wilcoxon_stat": 0.0,
    "wilcoxon_p": 0.25,
    "kappa": 0.5945945945945946,
    "bland_altman_mean_diff": 0.3,
    "bland_altman_std_diff": 0.45825756949558394,
    "confusion_matrix": [
      [
        0,
        0,
        0,
        0
      ],
      [
        0,
        0,
        1,
        0
      ],
      [
        0,
        0,
        3,
        2
      ],
      [
        0,
        0,
        0,
        4
      ]
    ]
  },
  "gemini": {
    "mae": 0.5,
    "rmse": 0.7071067811865476,
    "t_stat": 0.4285714285714286,
    "t_p": 0.6783097418055797,
    "wilcoxon_stat": 6.0,
    "wilcoxon_p": 1.0,
    "kappa": 0.4897959183673469,
    "bland_altman_mean_diff": -0.1,
    "bland_altman_std_diff": 0.7000000000000001,
    "confusion_matrix": [
      [
        0,
        0,
        0,
        0
      ],
      [
        0,
        0,
        1,
        0
      ],
      [
        0,
        2,
        2,
        1
      ],
      [
        0,
        0,
        1,
        3
      ]
    ]
  },
  "deepseek": {
    "mae": 0.5,
    "rmse": 0.8366600265340756,
    "t_stat": -1.1523319193960635,
    "t_p": 0.2788729992489171,
    "wilcoxon_stat": 2.0,
    "wilcoxon_p": 0.5,
    "kappa": 0.05405405405405406,
    "bland_altman_mean_diff": 0.3,
    "bland_altman_std_diff": 0.7810249675906654,
    "confusion_matrix": [
      [
        0,
        0,
        0,
        0
      ],
      [
        0,
        0,
        0,
        1
      ],
      [
        0,
        0,
        3,
        2
      ],
      [
        0,
        0,
        1,
        3
      ]
    ]
  },
  "consensus": {
    "mae": 0.375,
    "rmse": 0.6123724356957945,
    "t_stat": -0.5516772843673704,
    "t_p": 0.598331155998746,
    "wilcoxon_stat": 2.0,
    "wilcoxon_p": 1.0,
    "kappa": 0.6,
    "bland_altman_mean_diff": 0.125,
    "bland_altman_std_diff": 0.5994789404140899,
    "confusion_matrix": [
      [
        0,
        0,
        0,
        0
      ],
      [
        0,
        1,
        0,
        0
      ],
      [
        0,
        0,
        2,
        2
      ],
      [
        0,
        0,
        1,
        2
      ]
    ]
  }
}