{
  "correlations": {
    "claude": 1.0,
    "gemini": 0.49999999999999994,
    "deepseek": 0.5773502691896256,
    "consensus": -0.408248290463863
  },
  "claude": {
    "mae": 1.5555555555555558,
    "rmse": 1.5869840952317447,
    "t_stat": -14.000000000000007,
    "t_p": 6.570917956419084e-07,
    "wilcoxon_stat": 0.0,
    "wilcoxon_p": 0.00390625,
    "kappa": 0.0,
    "bland_altman_mean_diff": 1.5555555555555558,
    "bland_altman_std_diff": 0.3142696805273544,
    "confusion_matrix": [
      [
        0,
        0,
        0,
        0
      ],
      [
        0,
        0,
        6,
        3
      ],
      [
        0,
        0,
        0,
        0
      ],
      [
        0,
        0,
        0,
        0
      ]
    ]
  },
  "gemini": {
    "mae": 0.5555555555555557,
    "rmse": 0.693888666488711,
    "t_stat": -3.779644730092273,
    "t_p": 0.0053908820195155875,
    "wilcoxon_stat": 0.0,
    "wilcoxon_p": 0.0078125,
    "kappa": 0.0,
    "bland_altman_mean_diff": 0.5555555555555557,
    "bland_altman_std_diff": 0.41573970964154905,
    "confusion_matrix": [
      [
        0,
        0,
        0,
        0
      ],
      [
        0,
        6,
        3,
        0
      ],
      [
        0,
        0,
        0,
        0
      ],
      [
        0,
        0,
        0,
        0
      ]
    ]
  },
  "deepseek": {
    "mae": 1.5555555555555558,
    "rmse": 1.721325931647741,
    "t_stat": -5.969620057957093,
    "t_p": 0.00033454869687466154,
    "wilcoxon_stat": 0.0,
    "wilcoxon_p": 0.00390625,
    "kappa": 0.0,
    "bland_altman_mean_diff": 1.5555555555555558,
    "bland_altman_std_diff": 0.7370277311900888,
    "confusion_matrix": [
      [
        0,
        0,
        0,
        0
      ],
      [
        0,
        2,
        2,
        5
      ],
      [
        0,
        0,
        0,
        0
      ],
      [
        0,
        0,
        0,
        0
      ]
    ]
  },
  "consensus": {
    "mae": 1.9333333333333336,
    "rmse": 1.9944367068868791,
    "t_stat": -7.892800282301352,
    "t_p": 0.0013935519726344524,
    "wilcoxon_stat": 0.0,
    "wilcoxon_p": 0.0625,
    "kappa": 0.0,
    "bland_altman_mean_diff": 1.9333333333333336,
    "bland_altman_std_diff": 0.48989794855663565,
    "confusion_matrix": [
      [
        0,
        0,
        0,
        0
      ],
      [
        0,
        0,
        1,
        4
      ],
      [
        0,
        0,
        0,
        0
      ],
      [
        0,
        0,
        0,
        0
      ]
    ]
  }
}