{
  "correlations": {
    "claude": 0.7637626158259734,
    "gemini": 0.75,
    "deepseek": 0.7947194142390264,
    "consensus": 0.75
  },
  "claude": {
    "mae": 1.285714285714286,
    "rmse": 1.362770287738494,
    "t_stat": -6.971370023173353,
    "t_p": 0.0004330016324386955,
    "wilcoxon_stat": 0.0,
    "wilcoxon_p": 0.015625,
    "kappa": 0.0,
    "bland_altman_mean_diff": 1.285714285714286,
    "bland_altman_std_diff": 0.4517539514526256,
    "confusion_matrix": [
      [
        0,
        0,
        0,
        0
      ],
      [
        0,
        1,
        5,
        1
      ],
      [
        0,
        0,
        0,
        0
      ],
      [
        0,
        0,
        0,
        0
      ]
    ]
  },
  "gemini": {
    "mae": 1.0,
    "rmse": 1.1751393027860064,
    "t_stat": -3.9686269665968856,
    "t_p": 0.007378540461088383,
    "wilcoxon_stat": 0.0,
    "wilcoxon_p": 0.015625,
    "kappa": 0.0,
    "bland_altman_mean_diff": 1.0,
    "bland_altman_std_diff": 0.6172133998483676,
    "confusion_matrix": [
      [
        0,
        0,
        0,
        0
      ],
      [
        0,
        3,
        3,
        1
      ],
      [
        0,
        0,
        0,
        0
      ],
      [
        0,
        0,
        0,
        0
      ]
    ]
  },
  "deepseek": {
    "mae": 0.761904761904762,
    "rmse": 0.9759000729485332,
    "t_stat": -1.769303473858766,
    "t_p": 0.1272465898637207,
    "wilcoxon_stat": 5.0,
    "wilcoxon_p": 0.1875,
    "kappa": 0.0,
    "bland_altman_mean_diff": 0.5714285714285715,
    "bland_altman_std_diff": 0.7911070345636261,
    "confusion_matrix": [
      [
        0,
        0,
        0,
        0
      ],
      [
        1,
        4,
        1,
        1
      ],
      [
        0,
        0,
        0,
        0
      ],
      [
        0,
        0,
        0,
        0
      ]
    ]
  },
  "consensus": {
    "mae": 1.0000000000000002,
    "rmse": 1.1751393027860064,
    "t_stat": -3.9686269665968865,
    "t_p": 0.0073785404610883665,
    "wilcoxon_stat": 0.0,
    "wilcoxon_p": 0.015625,
    "kappa": 0.0,
    "bland_altman_mean_diff": 1.0000000000000002,
    "bland_altman_std_diff": 0.6172133998483676,
    "confusion_matrix": [
      [
        0,
        0,
        0,
        0
      ],
      [
        0,
        3,
        3,
        1
      ],
      [
        0,
        0,
        0,
        0
      ],
      [
        0,
        0,
        0,
        0
      ]
    ]
  }
}