{
  "correlations": {
    "claude": 0.5970223141259935,
    "gemini": -0.09950371902099887,
    "deepseek": 0.2952575323069086,
    "consensus": null
  },
  "claude": {
    "mae": 0.7,
    "rmse": 0.8366600265340756,
    "t_stat": 0.36115755925730764,
    "t_p": 0.7263142108887259,
    "wilcoxon_stat": 12.0,
    "wilcoxon_p": 1.0,
    "kappa": 0.4067796610169492,
    "bland_altman_mean_diff": -0.1,
    "bland_altman_std_diff": 0.8306623862918076,
    "confusion_matrix": [
      [
        0,
        3,
        0,
        0
      ],
      [
        0,
        2,
        0,
        0
      ],
      [
        0,
        3,
        1,
        0
      ],
      [
        0,
        0,
        1,
        0
      ]
    ]
  },
  "gemini": {
    "mae": 1.2,
    "rmse": 1.61245154965971,
    "t_stat": 3.342516087186933,
    "t_p": 0.008625581853278212,
    "wilcoxon_stat": 0.0,
    "wilcoxon_p": 0.03125,
    "kappa": -0.023622047244094446,
    "bland_altman_mean_diff": -1.2,
    "bland_altman_std_diff": 1.0770329614269007,
    "confusion_matrix": [
      [
        3,
        0,
        0,
        0
      ],
      [
        1,
        1,
        0,
        0
      ],
      [
        4,
        0,
        0,
        0
      ],
      [
        1,
        0,
        0,
        0
      ]
    ]
  },
  "deepseek": {
    "mae": 1.0,
    "rmse": 1.1832159566199232,
    "t_stat": 1.765045216243656,
    "t_p": 0.11137324638262766,
    "wilcoxon_stat": 7.0,
    "wilcoxon_p": 0.171875,
    "kappa": 0.2134831460674158,
    "bland_altman_mean_diff": -0.6,
    "bland_altman_std_diff": 1.019803902718557,
    "confusion_matrix": [
      [
        1,
        2,
        0,
        0
      ],
      [
        1,
        1,
        0,
        0
      ],
      [
        2,
        2,
        0,
        0
      ],
      [
        0,
        0,
        1,
        0
      ]
    ]
  }
}