{
  "correlations": {
    "claude": 0.4584639597355501,
    "gemini": 0.6063699388852967,
    "deepseek": 0.46362449589288446,
    "consensus": 0.4855347312124582
  },
  "claude": {
    "mae": 1.040072859744991,
    "rmse": 1.2970940385137952,
    "t_stat": -13.251009583965411,
    "t_p": 1.70548589115207e-28,
    "wilcoxon_stat": 514.0,
    "wilcoxon_p": 3.111440997212016e-20,
    "kappa": 0.3227583479292615,
    "bland_altman_mean_diff": 0.9089253187613845,
    "bland_altman_std_diff": 0.9253689586659706,
    "confusion_matrix": [
      [
        0,
        22,
        8,
        2
      ],
      [
        0,
        22,
        51,
        30
      ],
      [
        0,
        4,
        10,
        3
      ],
      [
        0,
        2,
        4,
        25
      ]
    ]
  },
  "gemini": {
    "mae": 0.6278118609406954,
    "rmse": 0.9482161345200495,
    "t_stat": -4.779389140217944,
    "t_p": 3.919157999160665e-06,
    "wilcoxon_stat": 1068.0,
    "wilcoxon_p": 7.715404605410051e-07,
    "kappa": 0.6182523228134839,
    "bland_altman_mean_diff": 0.33333333333333337,
    "bland_altman_std_diff": 0.8876951766530183,
    "confusion_matrix": [
      [
        25,
        3,
        1,
        0
      ],
      [
        9,
        49,
        31,
        11
      ],
      [
        4,
        3,
        2,
        1
      ],
      [
        1,
        0,
        2,
        21
      ]
    ]
  },
  "deepseek": {
    "mae": 0.8998178506375228,
    "rmse": 1.218158503499378,
    "t_stat": -7.964771129745582,
    "t_p": 1.7395473380548283e-13,
    "wilcoxon_stat": 1090.5,
    "wilcoxon_p": 1.8303613668858965e-12,
    "kappa": 0.43532853345444344,
    "bland_altman_mean_diff": 0.6193078324225866,
    "bland_altman_std_diff": 1.0489842459960408,
    "confusion_matrix": [
      [
        20,
        9,
        3,
        0
      ],
      [
        4,
        34,
        29,
        36
      ],
      [
        2,
        4,
        8,
        3
      ],
      [
        0,
        2,
        10,
        19
      ]
    ]
  },
  "consensus": {
    "mae": 0.8906250000000001,
    "rmse": 1.222616729260101,
    "t_stat": -7.7487317529537005,
    "t_p": 2.5843138586750976e-12,
    "wilcoxon_stat": 319.0,
    "wilcoxon_p": 8.150018022358377e-11,
    "kappa": 0.427592116538132,
    "bland_altman_mean_diff": 0.6927083333333334,
    "bland_altman_std_diff": 1.0074456965996839,
    "confusion_matrix": [
      [
        11,
        4,
        6,
        1
      ],
      [
        2,
        26,
        22,
        22
      ],
      [
        0,
        3,
        4,
        4
      ],
      [
        0,
        1,
        6,
        15
      ]
    ]
  }
}