{
  "correlations": {
    "claude": 0.16997780990102196,
    "deepseek": 0.6842256893799666,
    "consensus": 0.48038446141526137
  },
  "claude": {
    "mae": 0.9,
    "rmse": 1.140175425099138,
    "t_stat": 0.8181818181818181,
    "t_p": 0.4343801970835002,
    "wilcoxon_stat": 9.0,
    "wilcoxon_p": 0.4375,
    "kappa": 0.1558441558441559,
    "bland_altman_mean_diff": -0.3,
    "bland_altman_std_diff": 1.1,
    "confusion_matrix": [
      [
        0,
        1,
        0,
        0
      ],
      [
        0,
        0,
        1,
        0
      ],
      [
        0,
        1,
        2,
        1
      ],
      [
        0,
        2,
        1,
        1
      ]
    ]
  },
  "deepseek": {
    "mae": 0.5,
    "rmse": 0.7071067811865476,
    "t_stat": 0.4285714285714286,
    "t_p": 0.6783097418055797,
    "wilcoxon_stat": 6.0,
    "wilcoxon_p": 1.0,
    "kappa": 0.6666666666666666,
    "bland_altman_mean_diff": -0.1,
    "bland_altman_std_diff": 0.7000000000000001,
    "confusion_matrix": [
      [
        0,
        1,
        0,
        0
      ],
      [
        0,
        1,
        0,
        0
      ],
      [
        0,
        1,
        2,
        1
      ],
      [
        0,
        0,
        2,
        2
      ]
    ]
  },
  "consensus": {
    "mae": 1.0,
    "rmse": 1.1832159566199232,
    "t_stat": -1.176696810829104,
    "t_p": 0.304558784680535,
    "wilcoxon_stat": 2.0,
    "wilcoxon_p": 0.5,
    "kappa": 0.4067796610169492,
    "bland_altman_mean_diff": 0.6,
    "bland_altman_std_diff": 1.019803902718557,
    "confusion_matrix": [
      [
        0,
        0,
        1,
        0
      ],
      [
        0,
        0,
        0,
        0
      ],
      [
        0,
        1,
        1,
        1
      ],
      [
        0,
        0,
        0,
        0
      ]
    ]
  }
}