{
  "correlations": {
    "claude": 0.8314794192830981,
    "gemini": 0.8511025427814365,
    "deepseek": 0.7472647177570733,
    "consensus": -0.16666666666666663
  },
  "claude": {
    "mae": 1.6333333333333333,
    "rmse": 1.7159383568311668,
    "t_stat": -9.315746482709825,
    "t_p": 6.433965876715679e-06,
    "wilcoxon_stat": 0.0,
    "wilcoxon_p": 0.001953125,
    "kappa": 0.17910447761194048,
    "bland_altman_mean_diff": 1.6333333333333333,
    "bland_altman_std_diff": 0.5259911279353168,
    "confusion_matrix": [
      [
        0,
        2,
        0,
        0
      ],
      [
        0,
        0,
        4,
        4
      ],
      [
        0,
        0,
        0,
        0
      ],
      [
        0,
        0,
        0,
        0
      ]
    ]
  },
  "gemini": {
    "mae": 1.3333333333333335,
    "rmse": 1.605545943838973,
    "t_stat": -4.47213595499958,
    "t_p": 0.00154988591170182,
    "wilcoxon_stat": 0.0,
    "wilcoxon_p": 0.0078125,
    "kappa": 0.2857142857142857,
    "bland_altman_mean_diff": 1.3333333333333335,
    "bland_altman_std_diff": 0.8944271909999159,
    "confusion_matrix": [
      [
        2,
        0,
        0,
        0
      ],
      [
        0,
        1,
        3,
        4
      ],
      [
        0,
        0,
        0,
        0
      ],
      [
        0,
        0,
        0,
        0
      ]
    ]
  },
  "deepseek": {
    "mae": 1.3666666666666667,
    "rmse": 1.6158932858054431,
    "t_stat": -3.5439572553182597,
    "t_p": 0.006275046555309884,
    "wilcoxon_stat": 1.0,
    "wilcoxon_p": 0.015625,
    "kappa": 0.2647058823529411,
    "bland_altman_mean_diff": 1.2333333333333334,
    "bland_altman_std_diff": 1.044030650891055,
    "confusion_matrix": [
      [
        2,
        0,
        0,
        0
      ],
      [
        1,
        0,
        3,
        4
      ],
      [
        0,
        0,
        0,
        0
      ],
      [
        0,
        0,
        0,
        0
      ]
    ]
  },
  "consensus": {
    "mae": 1.5714285714285714,
    "rmse": 1.7320508075688774,
    "t_stat": -5.284229075567875,
    "t_p": 0.0018576725942547148,
    "wilcoxon_stat": 0.0,
    "wilcoxon_p": 0.015625,
    "kappa": 0.0,
    "bland_altman_mean_diff": 1.5714285714285714,
    "bland_altman_std_diff": 0.7284313590846836,
    "confusion_matrix": [
      [
        0,
        0,
        0,
        0
      ],
      [
        0,
        1,
        3,
        3
      ],
      [
        0,
        0,
        0,
        0
      ],
      [
        0,
        0,
        0,
        0
      ]
    ]
  }
}