{
  "correlations": {
    "claude": 0.36363636363636365,
    "gemini": 0.7763976173962319,
    "deepseek": 0.7184212081070998,
    "consensus": -0.4358974358974358
  },
  "claude": {
    "mae": 0.6333333333333334,
    "rmse": 0.7673909622147559,
    "t_stat": -4.384615384615386,
    "t_p": 0.001759270830147877,
    "wilcoxon_stat": 0.0,
    "wilcoxon_p": 0.0078125,
    "kappa": 0.21052631578947378,
    "bland_altman_mean_diff": 0.6333333333333334,
    "bland_altman_std_diff": 0.4333333333333333,
    "confusion_matrix": [
      [
        0,
        4,
        0,
        0
      ],
      [
        0,
        4,
        2,
        0
      ],
      [
        0,
        0,
        0,
        0
      ],
      [
        0,
        0,
        0,
        0
      ]
    ]
  },
  "gemini": {
    "mae": 0.7333333333333333,
    "rmse": 0.9428090415820634,
    "t_stat": -1.1338934190276817,
    "t_p": 0.28613811417007673,
    "wilcoxon_stat": 10.0,
    "wilcoxon_p": 0.2734375,
    "kappa": 0.4444444444444444,
    "bland_altman_mean_diff": 0.33333333333333337,
    "bland_altman_std_diff": 0.8819171036881968,
    "confusion_matrix": [
      [
        4,
        0,
        0,
        0
      ],
      [
        2,
        0,
        3,
        1
      ],
      [
        0,
        0,
        0,
        0
      ],
      [
        0,
        0,
        0,
        0
      ]
    ]
  },
  "deepseek": {
    "mae": 1.1,
    "rmse": 1.36218778278017,
    "t_stat": -3.492688312777361,
    "t_p": 0.0068013112194550964,
    "wilcoxon_stat": 1.0,
    "wilcoxon_p": 0.0078125,
    "kappa": 0.27419354838709664,
    "bland_altman_mean_diff": 1.0333333333333334,
    "bland_altman_std_diff": 0.8875684637129565,
    "confusion_matrix": [
      [
        2,
        1,
        1,
        0
      ],
      [
        0,
        2,
        1,
        3
      ],
      [
        0,
        0,
        0,
        0
      ],
      [
        0,
        0,
        0,
        0
      ]
    ]
  },
  "consensus": {
    "mae": 1.4166666666666667,
    "rmse": 1.69148192751537,
    "t_stat": -4.055509150716432,
    "t_p": 0.004836978984610412,
    "wilcoxon_stat": 0.0,
    "wilcoxon_p": 0.03125,
    "kappa": -0.06976744186046502,
    "bland_altman_mean_diff": 1.4166666666666667,
    "bland_altman_std_diff": 0.924211375534118,
    "confusion_matrix": [
      [
        0,
        0,
        1,
        1
      ],
      [
        0,
        2,
        2,
        2
      ],
      [
        0,
        0,
        0,
        0
      ],
      [
        0,
        0,
        0,
        0
      ]
    ]
  }
}