{
  "correlations": {
    "claude": 0.68088290664919,
    "gemini": 0.6666666666666666,
    "deepseek": 0.5548264797092158,
    "consensus": 0.40824829046386296
  },
  "claude": {
    "mae": 1.2000000000000002,
    "rmse": 1.2909944487358058,
    "t_stat": -7.561512453751253,
    "t_p": 3.462628400698532e-05,
    "wilcoxon_stat": 0.0,
    "wilcoxon_p": 0.001953125,
    "kappa": 0.0,
    "bland_altman_mean_diff": 1.2000000000000002,
    "bland_altman_std_diff": 0.47609522856952335,
    "confusion_matrix": [
      [
        0,
        0,
        0,
        0
      ],
      [
        0,
        2,
        7,
        1
      ],
      [
        0,
        0,
        0,
        0
      ],
      [
        0,
        0,
        0,
        0
      ]
    ]
  },
  "gemini": {
    "mae": 1.1,
    "rmse": 1.2247448713915892,
    "t_stat": -6.127946159842712,
    "t_p": 0.00017327723687816804,
    "wilcoxon_stat": 0.0,
    "wilcoxon_p": 0.001953125,
    "kappa": 0.0,
    "bland_altman_mean_diff": 1.1,
    "bland_altman_std_diff": 0.5385164807134505,
    "confusion_matrix": [
      [
        0,
        0,
        0,
        0
      ],
      [
        0,
        3,
        6,
        1
      ],
      [
        0,
        0,
        0,
        0
      ],
      [
        0,
        0,
        0,
        0
      ]
    ]
  },
  "deepseek": {
    "mae": 1.1333333333333333,
    "rmse": 1.2382783747337809,
    "t_stat": -4.107919181288747,
    "t_p": 0.0026452195140938884,
    "wilcoxon_stat": 3.0,
    "wilcoxon_p": 0.009765625,
    "kappa": 0.0,
    "bland_altman_mean_diff": 1.0000000000000002,
    "bland_altman_std_diff": 0.7302967433402215,
    "confusion_matrix": [
      [
        0,
        0,
        0,
        0
      ],
      [
        1,
        2,
        6,
        1
      ],
      [
        0,
        0,
        0,
        0
      ],
      [
        0,
        0,
        0,
        0
      ]
    ]
  },
  "consensus": {
    "mae": 1.8666666666666671,
    "rmse": 1.9206480387850582,
    "t_stat": -8.256749544674243,
    "t_p": 0.001173804071512835,
    "wilcoxon_stat": 0.0,
    "wilcoxon_p": 0.0625,
    "kappa": 0.0,
    "bland_altman_mean_diff": 1.8666666666666671,
    "bland_altman_std_diff": 0.4521553322083512,
    "confusion_matrix": [
      [
        0,
        0,
        0,
        0
      ],
      [
        0,
        0,
        2,
        3
      ],
      [
        0,
        0,
        0,
        0
      ],
      [
        0,
        0,
        0,
        0
      ]
    ]
  }
}