{
  "correlations": {
    "claude": 0.5345224838248488,
    "gemini": 0.975900072948533,
    "deepseek": 0.9553936319574843,
    "consensus": 0.9456108576893003
  },
  "claude": {
    "mae": 1.2,
    "rmse": 1.2649110640673518,
    "t_stat": -3.8729833462074175,
    "t_p": 0.003771557558705979,
    "wilcoxon_stat": 4.5,
    "wilcoxon_p": 0.017578125,
    "kappa": 0.23076923076923084,
    "bland_altman_mean_diff": 1.0,
    "bland_altman_std_diff": 0.7745966692414834,
    "confusion_matrix": [
      [
        0,
        4,
        2,
        0
      ],
      [
        0,
        0,
        3,
        0
      ],
      [
        0,
        0,
        0,
        0
      ],
      [
        0,
        0,
        1,
        0
      ]
    ]
  },
  "gemini": {
    "mae": 0.1,
    "rmse": 0.31622776601683794,
    "t_stat": 1.0,
    "t_p": 0.34343639613791355,
    "wilcoxon_stat": 0.0,
    "wilcoxon_p": 1.0,
    "kappa": 0.9230769230769231,
    "bland_altman_mean_diff": -0.1,
    "bland_altman_std_diff": 0.30000000000000004,
    "confusion_matrix": [
      [
        6,
        0,
        0,
        0
      ],
      [
        0,
        3,
        0,
        0
      ],
      [
        0,
        0,
        0,
        0
      ],
      [
        0,
        0,
        1,
        0
      ]
    ]
  },
  "deepseek": {
    "mae": 0.1,
    "rmse": 0.31622776601683794,
    "t_stat": -1.0,
    "t_p": 0.34343639613791355,
    "wilcoxon_stat": 0.0,
    "wilcoxon_p": 1.0,
    "kappa": 0.946236559139785,
    "bland_altman_mean_diff": 0.1,
    "bland_altman_std_diff": 0.30000000000000004,
    "confusion_matrix": [
      [
        6,
        0,
        0,
        0
      ],
      [
        0,
        2,
        1,
        0
      ],
      [
        0,
        0,
        0,
        0
      ],
      [
        0,
        0,
        0,
        1
      ]
    ]
  },
  "consensus": {
    "mae": 0.1,
    "rmse": 0.31622776601683794,
    "t_stat": -1.0,
    "t_p": 0.34343639613791355,
    "wilcoxon_stat": 0.0,
    "wilcoxon_p": 1.0,
    "kappa": 0.8888888888888888,
    "bland_altman_mean_diff": 0.1,
    "bland_altman_std_diff": 0.30000000000000004,
    "confusion_matrix": [
      [
        5,
        1,
        0,
        0
      ],
      [
        0,
        3,
        0,
        0
      ],
      [
        0,
        0,
        0,
        0
      ],
      [
        0,
        0,
        0,
        1
      ]
    ]
  }
}